Name,Slug,URL,Meta Title,Meta Description
BUN Test,bun-test,https://superpower.com/sem-landing-pages/bun-test,BUN Test at Home | Blood Urea Nitrogen | Superpower,Check BUN (blood urea nitrogen) at home. Assess kidney function and hydration. Results in 10 days. Only $199/year.
B12 Deficiency,b12-deficiency,https://superpower.com/sem-landing-pages/b12-deficiency,B12 Deficiency Test | Symptoms & Diagnosis | Superpower,"Test for B12 deficiency at home. Causes fatigue, nerve problems, memory issues. Results in 10 days."
DHEA Test,dhea-test,https://superpower.com/sem-landing-pages/dhea-test,DHEA Test at Home | DHEA-S Levels | Superpower,Test DHEA levels at home. DHEA-S blood test to assess adrenal function and hormone balance. Results in 10 days. Only $199/year.
Iron Test,iron-test,https://superpower.com/sem-landing-pages/iron-test,Iron Test at Home | Complete Iron Studies | Superpower,Test iron levels at home. Complete iron studies including ferritin. Results in 10 days.
B12 Test,b12-test,https://superpower.com/sem-landing-pages/b12-test,Vitamin B12 Test at Home | Check B12 Levels | Superpower,"Test B12 at home. Deficiency causes fatigue, brain fog, nerve problems. Results in 10 days."
Vitamin D and Sun,vitamin-d-sun,https://superpower.com/sem-landing-pages/vitamin-d-sun,Vitamin D from Sun | Is It Enough? | Superpower,Test if you get enough vitamin D from sun. Most people don't. Results in 10 days.
GFR Test,gfr-test,https://superpower.com/sem-landing-pages/gfr-test,GFR Test at Home | Kidney Filtration Rate | Superpower,Check your GFR (glomerular filtration rate) at home. Best indicator of kidney health. Results in 10 days. Only $199/year.
Epigenetic Test,epigenetic-test,https://superpower.com/sem-landing-pages/epigenetic-test,Epigenetic Age Test | Biological Aging Measure | Superpower,Test epigenetic age—the most accurate biological aging measure. Track your longevity progress. Results in 10 days.
Online Blood Test,blood-test-online,https://superpower.com/sem-landing-pages/blood-test-online,Order Blood Tests Online | No Doctor Visit | Superpower,"Order comprehensive blood tests online. No prescription needed. 100+ biomarkers, results in 10 days. At-home collection kit included. $199/year."
Causes of High Triglycerides,triglycerides-causes,https://superpower.com/sem-landing-pages/triglycerides-causes,Causes of High Triglycerides | Test & Understand | Superpower,"Understand what causes high triglycerides. Diet, alcohol, diabetes, and more. Test at home. Results in 10 days. Only $199/year."
Hypothyroidism,hypothyroidism,https://superpower.com/sem-landing-pages/hypothyroidism,Hypothyroidism Test at Home | Underactive Thyroid | Superpower,"Test for hypothyroidism at home. Check TSH, T3, T4, and thyroid antibodies. Detect underactive thyroid early. Results in 10 days."
Longevity Testing,longevity,https://superpower.com/sem-landing-pages/longevity,Longevity Panel | Healthy Aging Biomarkers | Superpower,Comprehensive longevity testing at home. 100+ biomarkers for healthy aging. Results in 10 days. Only $199/year.
Vitamin D Information,vitamin-d-info,https://superpower.com/sem-landing-pages/vitamin-d-info,Why Vitamin D Matters | Test Your Levels | Superpower,"Learn why vitamin D is essential and test your level. Affects immunity, bones, mood. Results in 10 days."
Telomere Test,telomere-test,https://superpower.com/sem-landing-pages/telomere-test,Telomere Test | Measure Cellular Age | Superpower,Test telomere length to understand biological aging. See how lifestyle affects cellular health. Results in 10 days.
Prostate Health,prostate-health,https://superpower.com/sem-landing-pages/prostate-health,Prostate Health Monitoring | PSA Test at Home | Superpower,Monitor prostate health at home. PSA testing and comprehensive markers. Results in 10 days. Only $199/year.
Vitamin D Deficiency,vitamin-d-deficiency,https://superpower.com/sem-landing-pages/vitamin-d-deficiency,Vitamin D Deficiency Test | Check Your Level | Superpower,Test for vitamin D deficiency at home. 42% of Americans are deficient. Results in 10 days.
LDL Cholesterol Levels,ldl-levels,https://superpower.com/sem-landing-pages/ldl-levels,LDL Cholesterol Test at Home | Know Your Levels | Superpower,Test LDL cholesterol at home. Know your 'bad' cholesterol number. Results in 10 days. Only $199/year.
Inflammation Symptoms,inflammation-symptoms,https://superpower.com/sem-landing-pages/inflammation-symptoms,Chronic Inflammation Symptoms | Test Your Levels | Superpower,"Test for chronic inflammation at home. CRP, ESR, and inflammatory markers. Explain unexplained symptoms. Results in 10 days."
Autoimmune Testing,autoimmune-test,https://superpower.com/sem-landing-pages/autoimmune-test,Autoimmune Panel at Home | ANA & Inflammation Testing | Superpower,"Comprehensive autoimmune testing at home. ANA, inflammatory markers, thyroid antibodies. Results in 10 days."
Triglycerides Explained,triglycerides-meaning,https://superpower.com/sem-landing-pages/triglycerides-meaning,What Are Triglycerides? | Test Your Levels | Superpower,Understand what triglycerides are and why they matter. Test your levels at home. Results in 10 days. Only $199/year.
Folate Test,folate-test,https://superpower.com/sem-landing-pages/folate-test,Folate Test at Home | Vitamin B9 Levels | Superpower,Test folate (vitamin B9) at home. Essential for DNA and cell division. Results in 10 days.
CRP Test,crp-test,https://superpower.com/sem-landing-pages/crp-test,CRP Test at Home | hsCRP Inflammation Test | Superpower,Test CRP (C-reactive protein) at home. Measure inflammation and assess cardiovascular risk. Results in 10 days.
Cholesterol Symptoms,high-cholesterol-symptoms,https://superpower.com/sem-landing-pages/high-cholesterol-symptoms,High Cholesterol Symptoms | Why Testing Matters | Superpower,High cholesterol has no symptoms. The only way to know is testing. Check your levels at home. Results in 10 days. Only $199/year.
Thyroid Antibody Test,thyroid-antibodies,https://superpower.com/sem-landing-pages/thyroid-antibodies,"Thyroid Antibody Test at Home | TPO, Thyroglobulin | Superpower",Test thyroid antibodies at home. TPO and thyroglobulin antibodies detect autoimmune thyroid disease that TSH misses. Results in 10 days.
Lyme Disease Test,lyme-test,https://superpower.com/sem-landing-pages/lyme-test,Lyme Disease Test at Home | Tick-Borne Illness | Superpower,Test for Lyme disease at home. Screen for tick-borne illness. Results in 10 days.
Heart Health Test,heart-test,https://superpower.com/sem-landing-pages/heart-test,Heart Health Test at Home | Complete Cardiac Panel | Superpower,"Comprehensive heart health testing at home. Lipids, inflammation, ApoB, Lp(a), and more. Results in 10 days. Only $199/year."
Magnesium Test,magnesium-test,https://superpower.com/sem-landing-pages/magnesium-test,Magnesium Test at Home | Check Levels | Superpower,"Test magnesium levels at home. Low magnesium causes cramps, poor sleep, anxiety. Results in 10 days."
PSA Test,psa-test,https://superpower.com/sem-landing-pages/psa-test,PSA Test at Home | Prostate Cancer Screening | Superpower,PSA test at home for prostate cancer screening. Track prostate health. Results in 10 days. Only $199/year.
Metabolic Syndrome,metabolic-syndrome,https://superpower.com/sem-landing-pages/metabolic-syndrome,Metabolic Syndrome Test at Home | Comprehensive Panel | Superpower,"Test for metabolic syndrome at home. Check glucose, triglycerides, HDL. Prevent diabetes and heart disease. Results in 10 days."
Vitamin Panel,vitamin-panel,https://superpower.com/sem-landing-pages/vitamin-panel,Vitamin Panel at Home | Test Vitamins & Minerals | Superpower,"Test essential vitamins and minerals at home. Find deficiencies. D, B12, iron, and more. Results in 10 days."
Uric Acid Test,uric-acid-test,https://superpower.com/sem-landing-pages/uric-acid-test,Uric Acid Test at Home | Gout Screening | Superpower,Test uric acid at home. Screen for gout and metabolic risk. Results in 10 days. Only $199/year.
CBC Test,cbc-test,https://superpower.com/sem-landing-pages/cbc-test,CBC Blood Test at Home | Complete Blood Count | Superpower,"Get a complete blood count (CBC) test at home. Check red cells, white cells, platelets. Detect anemia & infections early. Results in 10 days."
Prolactin Test,prolactin-test,https://superpower.com/sem-landing-pages/prolactin-test,Prolactin Test at Home | Prolactin Levels | Superpower,"Test prolactin levels at home. Important for fertility, libido, and hormonal health. Results in 10 days. Only $199/year."
A1C Levels Explained,a1c-levels,https://superpower.com/sem-landing-pages/a1c-levels,A1C Levels Explained | What Your Number Means | Superpower,"Understand what A1C levels mean. Normal, prediabetes, diabetes ranges explained. Test at home. Results in 10 days."
Epigenetics Information,epigenetics-info,https://superpower.com/sem-landing-pages/epigenetics-info,Epigenetics and Aging | How Lifestyle Affects Genes | Superpower,Understand how epigenetics affects aging. Learn how lifestyle changes your gene expression. Comprehensive health testing.
Lp(a) Test,lpa-test,https://superpower.com/sem-landing-pages/lpa-test,Lp(a) Test at Home | Lipoprotein(a) | Superpower,Test Lp(a) at home. Genetic heart disease risk factor. Critical marker most doctors don't test. Results in 10 days.
LDL vs HDL,ldl-hdl,https://superpower.com/sem-landing-pages/ldl-hdl,LDL vs HDL Cholesterol Test | Know the Difference | Superpower,Test LDL and HDL cholesterol at home. Understand good vs bad cholesterol. Results in 10 days. Only $199/year.
Biological Age Test,biological-age-test,https://superpower.com/sem-landing-pages/biological-age-test,Biological Age Test | How Old Is Your Body? | Superpower,Test your biological age at home. Find out if you're aging faster or slower than your years. Results in 10 days.
Semen Analysis,semen-analysis,https://superpower.com/sem-landing-pages/semen-analysis,At-Home Semen Analysis | Male Fertility Test | Superpower,"Test semen analysis at home. Sperm count, motility, morphology. Understand male fertility. Results in 10 days."
Celiac Test,celiac-test,https://superpower.com/sem-landing-pages/celiac-test,Celiac Disease Test at Home | tTG-IgA Blood Test | Superpower,Test for celiac disease at home. Accurate tTG-IgA screening. Results in 10 days. Only $199/year.
Vitamin D Test,vitamin-d-test,https://superpower.com/sem-landing-pages/vitamin-d-test,Vitamin D Test at Home | Check Your Levels | Superpower,Test vitamin D at home. 42% of Americans are deficient. Check your level and optimize. Results in 10 days.
Hormone Imbalance,hormone-imbalance,https://superpower.com/sem-landing-pages/hormone-imbalance,Hormone Imbalance Test at Home | Find the Cause | Superpower,"Test for hormone imbalance at home. Find out if thyroid, cortisol, sex hormones are causing your symptoms. Results in 10 days."
Lipid Panel,lipid-panel,https://superpower.com/sem-landing-pages/lipid-panel,Lipid Panel at Home | Full Cholesterol Test | Superpower,"Get a complete lipid panel at home. Test LDL, HDL, triglycerides, and more. Results in 10 days. Only $199/year."
Diabetes Test,diabetes-test,https://superpower.com/sem-landing-pages/diabetes-test,Diabetes Test at Home | Blood Sugar Screening | Superpower,"Get tested for diabetes at home. A1C, fasting glucose, insulin testing. Detect diabetes early. Results in 10 days."
Thyroid Nodules,thyroid-nodules,https://superpower.com/sem-landing-pages/thyroid-nodules,Thyroid Nodule Monitoring | Thyroid Function Test | Superpower,Monitor thyroid function if you have nodules. Annual testing tracks changes. Complete thyroid panel with results in 10 days.
Homocysteine Test,homocysteine,https://superpower.com/sem-landing-pages/homocysteine,Homocysteine Test at Home | Heart & Brain Health | Superpower,Test homocysteine at home. High levels linked to heart disease and cognitive decline. Results in 10 days. Only $199/year.
ApoB Test,apob-test,https://superpower.com/sem-landing-pages/apob-test,ApoB Test at Home | Apolipoprotein B | Superpower,Test ApoB at home. Better predictor of heart disease than LDL cholesterol. Results in 10 days. Only $199/year.
Cholesterol and Diet,cholesterol-foods,https://superpower.com/sem-landing-pages/cholesterol-foods,How Food Affects Cholesterol | Test Your Levels | Superpower,Test cholesterol to see how diet affects your levels. Track progress with at-home testing. Results in 10 days. Only $199/year.
Celiac Disease Information,celiac-info,https://superpower.com/sem-landing-pages/celiac-info,Celiac Disease Testing | Could You Have Celiac? | Superpower,Test for celiac disease at home. Blood screening for gluten intolerance. Results in 10 days.
Cholesterol Test,cholesterol-test,https://superpower.com/sem-landing-pages/cholesterol-test,Cholesterol Test at Home | Lipid Panel | Superpower,"Get a cholesterol test at home. Complete lipid panel including LDL, HDL, triglycerides. Results in 10 days. Only $199/year."
Kidney Function Test,kidney-panel,https://superpower.com/sem-landing-pages/kidney-panel,"Kidney Function Test at Home | GFR, Creatinine | Superpower","Test kidney function at home. Check GFR, creatinine, BUN. Detect kidney disease early. Results in 10 days. Only $199/year."
Thyroid Panel,thyroid-panel,https://superpower.com/sem-landing-pages/thyroid-panel,"Complete Thyroid Panel at Home | TSH, T3, T4, Antibodies | Superpower","Get a complete thyroid panel at home. Test TSH, Free T3, Free T4, thyroid antibodies. More comprehensive than standard thyroid tests. Results in 10 days."
Hormone Panel,hormone-panel,https://superpower.com/sem-landing-pages/hormone-panel,Complete Hormone Panel at Home | All Hormones Tested | Superpower,"Test all major hormones at home. Thyroid, testosterone, estrogen, cortisol, DHEA, insulin & more. Results in 10 days. Only $199/year."
Testosterone Levels,testosterone-levels,https://superpower.com/sem-landing-pages/testosterone-levels,Testosterone Levels by Age | Test T at Home | Superpower,Check if your testosterone levels are optimal for your age. At-home test with results in 10 days. Understand what your T levels mean.
Testosterone Test,testosterone-test,https://superpower.com/sem-landing-pages/testosterone-test,Testosterone Test at Home | Check T Levels | Superpower,Test your testosterone levels at home. Total and free testosterone testing with results in 10 days. Only $199/year with Superpower.
Liver Enzymes,liver-enzymes,https://superpower.com/sem-landing-pages/liver-enzymes,"Liver Enzymes Test at Home | ALT, AST | Superpower","Check liver enzymes at home. Monitor ALT, AST, ALP, GGT. Detect liver stress early. Results in 10 days. Only $199/year."
A1C Test,a1c-test,https://superpower.com/sem-landing-pages/a1c-test,A1C Test at Home | HbA1c Diabetes Test | Superpower,Test your A1C (HbA1c) at home. Gold standard for diabetes screening. Shows 3-month blood sugar average. Results in 10 days.
Telomere Testing,telomeres-info,https://superpower.com/sem-landing-pages/telomeres-info,Telomere Testing | Cellular Aging Markers | Superpower,Understand telomeres and cellular aging. Learn how lifestyle affects longevity. Comprehensive health testing.
ANA Test,ana-test,https://superpower.com/sem-landing-pages/ana-test,ANA Test at Home | Antinuclear Antibody | Superpower,"ANA test for autoimmune disease screening. Test for lupus, Sjögren's, and more at home. Results in 10 days."
TSH Test,tsh-test,https://superpower.com/sem-landing-pages/tsh-test,TSH Test at Home | Thyroid Function Test | Superpower,Get your TSH tested at home. Check thyroid-stimulating hormone levels to evaluate thyroid function. Complete panel with results in 10 days.
Ferritin Test,ferritin-test,https://superpower.com/sem-landing-pages/ferritin-test,Ferritin Test at Home | Iron Stores Test | Superpower,Test ferritin levels at home. Check iron stores. Low ferritin causes fatigue and hair loss. Results in 10 days.
High Cholesterol,high-cholesterol,https://superpower.com/sem-landing-pages/high-cholesterol,High Cholesterol Test at Home | Lipid Panel | Superpower,"Test cholesterol levels at home. Check LDL, HDL, triglycerides. Detect high cholesterol early. Results in 10 days. Only $199/year."
Glucose Monitoring,glucose-monitoring,https://superpower.com/sem-landing-pages/glucose-monitoring,Glucose Monitoring | Blood Sugar Testing | Superpower,Understand your glucose levels. Blood testing and continuous monitoring options. Start with baseline testing. Results in 10 days.
Liver Function Test,liver-panel,https://superpower.com/sem-landing-pages/liver-panel,Liver Function Test at Home | Liver Panel | Superpower,"Test liver function at home. Check ALT, AST, bilirubin, and liver enzymes. Detect liver disease early. Results in 10 days."
Hyperthyroidism,hyperthyroidism,https://superpower.com/sem-landing-pages/hyperthyroidism,Hyperthyroidism Test at Home | Overactive Thyroid | Superpower,"Test for overactive thyroid at home. Check TSH, T3, T4, and thyroid antibodies. Detect hyperthyroidism early. Results in 10 days."
Thyroid Symptoms,thyroid-symptoms,https://superpower.com/sem-landing-pages/thyroid-symptoms,Thyroid Symptoms Test | Check Thyroid at Home | Superpower,"Experiencing fatigue, weight changes, or mood issues? Test your thyroid at home. Complete thyroid panel with results in 10 days. Only $199/year."
Inflammation and Diet,inflammatory-foods,https://superpower.com/sem-landing-pages/inflammatory-foods,Inflammation Test | Anti-Inflammatory Diet Impact | Superpower,"Test inflammation markers to see how diet affects your body. CRP, ESR testing at home. Results in 10 days."
Metabolic Panel,metabolic-panel,https://superpower.com/sem-landing-pages/metabolic-panel,Comprehensive Metabolic Panel at Home | CMP Test | Superpower,"Get a comprehensive metabolic panel at home. Test glucose, electrolytes, kidney and liver function. Results in 10 days. Only $199/year."
Health Screening,health-screening,https://superpower.com/sem-landing-pages/health-screening,Comprehensive Health Screening at Home | 100+ Biomarkers | Superpower,Annual health screening at home. Test 100+ biomarkers. Catch problems early. Results in 10 days. Only $199/year.
High Cortisol Symptoms,cortisol-high-symptoms,https://superpower.com/sem-landing-pages/cortisol-high-symptoms,High Cortisol Symptoms | Test Cortisol at Home | Superpower,"Weight gain, anxiety, poor sleep? You may have high cortisol. Test your levels at home with Superpower. Results in 10 days."
High Triglycerides,triglycerides-high,https://superpower.com/sem-landing-pages/triglycerides-high,High Triglycerides Test | Check Triglyceride Levels | Superpower,Test triglyceride levels at home. High triglycerides increase heart disease risk. Get results in 10 days. Only $199/year.
Adrenal Function,adrenal,https://superpower.com/sem-landing-pages/adrenal,Adrenal Function Test at Home | Cortisol & DHEA | Superpower,"Test adrenal function at home. Check cortisol, DHEA, and stress hormones. Understand adrenal fatigue. Results in 10 days."
Hashimoto's Disease,hashimotos,https://superpower.com/sem-landing-pages/hashimotos,Hashimoto's Disease Test at Home | Thyroid Antibodies | Superpower,"Test for Hashimoto's thyroiditis at home. Check thyroid antibodies, TSH, T3, T4. Detect autoimmune thyroid disease early. Results in 10 days."
Blood Test,blood-test-general,https://superpower.com/sem-landing-pages/blood-test-general,At-Home Blood Test | 100+ Biomarkers | Superpower,"Get comprehensive blood testing at home. 100+ biomarkers, results in 10 days, only $199/year. Detect early signs of diabetes, heart disease & more."
Cortisol Test,cortisol-test,https://superpower.com/sem-landing-pages/cortisol-test,Cortisol Test at Home | Superpower Health,Test your cortisol levels at home with Superpower. Get results in 10 days. 100+ biomarkers. Only $199/year.
Insulin Resistance Test,insulin-resistance-test,https://superpower.com/sem-landing-pages/insulin-resistance-test,Insulin Resistance Test | Fasting Insulin | Superpower,"Test for insulin resistance with fasting insulin, glucose, and HbA1c. Catch it 10 years before diabetes. 100+ biomarkers. Results in ~10 days. $199/year."
Prediabetes Screening,prediabetes-test,https://superpower.com/sem-landing-pages/prediabetes-test,Prediabetes Test | A1C + Insulin Screening | Superpower,"Screen for prediabetes with HbA1c, fasting glucose, and insulin. 84% of prediabetics don't know it. 100+ biomarkers. ~10 day results. $199/year."
PCOS Test,pcos-test,https://superpower.com/sem-landing-pages/pcos-test,PCOS Test | Hormone & Insulin Blood Work | Superpower,"PCOS blood test - testosterone, insulin, DHEA, thyroid. 1 in 10 women have PCOS, 70% undiagnosed. 100+ biomarkers. ~10 day results. $199/year."
Fatty Liver Test (NAFLD),fatty-liver-test,https://superpower.com/sem-landing-pages/fatty-liver-test,Fatty Liver Test | NAFLD Screening | Superpower,"Screen for fatty liver disease (NAFLD). ALT, AST, GGT + metabolic markers. 1 in 4 adults affected. 100+ biomarkers. ~10 day results. $199/year."
Anemia Test,anemia-test,https://superpower.com/sem-landing-pages/anemia-test,Anemia Test | Iron & Ferritin Blood Work | Superpower,"Complete anemia test - CBC, ferritin, iron, TIBC. Catches iron deficiency before hemoglobin drops. 100+ biomarkers. ~10 day results. $199/year."
Heart Disease Screening,heart-disease-screening,https://superpower.com/sem-landing-pages/heart-disease-screening,"Heart Disease Screening | ApoB, Lp(a), CRP | Superpower","Advanced heart disease screening - ApoB, Lp(a), hsCRP, lipids. 50% of heart attacks miss standard tests. 100+ biomarkers. ~10 day results. $199/year."
Kidney Disease Test,kidney-disease-test,https://superpower.com/sem-landing-pages/kidney-disease-test,"Kidney Disease Test | eGFR, Creatinine | Superpower","Screen for chronic kidney disease. eGFR, creatinine, BUN + metabolic panel. 90% of CKD is undiagnosed. 100+ biomarkers. ~10 day results. $199/year."
Osteoporosis Screening,osteoporosis-test,https://superpower.com/sem-landing-pages/osteoporosis-test,Osteoporosis Blood Test | Bone Health Screening | Superpower,"Blood tests for osteoporosis risk factors - vitamin D, calcium, thyroid, inflammation. 54M Americans affected. 100+ biomarkers. ~10 day results. $199/year."
At-Home Cortisol Test,cortisol-test-at-home,https://superpower.com/sem-landing-pages/cortisol-test-at-home,At-Home Cortisol Test | Accurate Stress Hormone | Superpower,Test cortisol at home for accurate results. Lab visits spike cortisol 30-40%. Licensed phlebotomist. 100+ biomarkers. ~10 day results. $199/year.
At-Home Thyroid Test,thyroid-test-at-home,https://superpower.com/sem-landing-pages/thyroid-test-at-home,At-Home Thyroid Test | Complete Panel | Superpower,"Complete thyroid test at home - TSH, T4, T3, antibodies. Licensed phlebotomist. 60% of thyroid disease missed by TSH alone. 100+ biomarkers. $199/year."
At-Home Blood Test,blood-test-at-home,https://superpower.com/sem-landing-pages/blood-test-at-home,At-Home Blood Test | 100+ Biomarkers | Superpower,At-home blood test by licensed phlebotomist. 100+ biomarkers - not a finger-prick kit. Lab-quality results in ~10 days. $199/year.
At-Home Health Tests,health-test-at-home,https://superpower.com/sem-landing-pages/health-test-at-home,At-Home Health Test | 100+ Biomarkers | Superpower,Comprehensive health testing at home. 100+ biomarkers - 10x more than an annual physical. Licensed phlebotomist. ~10 day results. $199/year.
At-Home Celiac Test,celiac-test-at-home,https://superpower.com/sem-landing-pages/celiac-test-at-home,At-Home Celiac Test | tTG-IgA Blood Test | Superpower,Celiac disease blood test at home. tTG-IgA gold standard screening. Licensed phlebotomist. 83% of celiac is undiagnosed. 100+ biomarkers. $199/year.
Female Hormone Panel,hormone-panel-female,https://superpower.com/sem-landing-pages/hormone-panel-female,Female Hormone Panel | Complete Testing | Superpower,"Complete female hormone panel - estrogen, testosterone, DHEA, cortisol, thyroid, insulin. 100+ biomarkers. ~10 day results. $199/year."
Cholesterol and Diet,cholesterol-diet,https://superpower.com/sem-landing-pages/cholesterol-diet,Cholesterol & Diet | Advanced Lipid Testing | Superpower,"Your liver makes 80% of cholesterol. Diet isn't enough. Test ApoB, Lp(a), and advanced lipids. 100+ biomarkers. ~10 day results. $199/year."
Cholesterol Levels for Women,cholesterol-levels-women,https://superpower.com/sem-landing-pages/cholesterol-levels-women,Cholesterol Levels Women | Lipid Panel | Superpower,"Women's cholesterol changes after menopause. Test LDL, ApoB, Lp(a) + hormones together. 44% of women over 50 have high cholesterol. $199/year."
CGM Cost and Comparison,cgm-cost,https://superpower.com/sem-landing-pages/cgm-cost,CGM Cost vs Blood Testing | Metabolic Health | Superpower,CGMs cost $100-400/month. Baseline blood testing costs $199/year and catches insulin resistance CGMs can't. HbA1c + insulin + 100+ biomarkers.
CGM for Non-Diabetics,cgm-non-diabetic,https://superpower.com/sem-landing-pages/cgm-non-diabetic,CGM for Non-Diabetics | Blood Testing First | Superpower,Thinking about a CGM? Blood testing catches insulin resistance that CGMs miss. HbA1c + fasting insulin + 100+ biomarkers. $199/year.
What Causes Inflammation,inflammation-causes,https://superpower.com/sem-landing-pages/inflammation-causes,What Causes Inflammation | hsCRP Testing | Superpower,Measure chronic inflammation with hsCRP blood test. 3 in 5 adults have silent inflammation. 100+ biomarkers identify the cause. ~10 days. $199/year.
Lupus Screening Test,lupus-test,https://superpower.com/sem-landing-pages/lupus-test,Lupus Test | ANA Blood Screening | Superpower,Screen for lupus with ANA blood test. Average diagnosis takes 6 years. Get screened in 10 days. 100+ biomarkers. $199/year.
Antibody Blood Test,antibody-test,https://superpower.com/sem-landing-pages/antibody-test,Antibody Blood Test | Autoimmune Screening | Superpower,Antibody blood test for autoimmune screening. ANA + thyroid antibodies. 24M Americans have autoimmune disease. 100+ biomarkers. ~10 days. $199/year.
Peter Attia Longevity Testing,longevity-peter-attia,https://superpower.com/sem-landing-pages/longevity-peter-attia,"Peter Attia Blood Tests | Outlive Panel | Superpower","Get every blood test from Outlive - ApoB, Lp(a), fasting insulin, liver enzymes, hsCRP. 100+ biomarkers. One draw. $199/year."
Wellness Testing,wellness-testing,https://superpower.com/sem-landing-pages/wellness-testing,Wellness Testing | 100+ Biomarkers | Superpower,"Annual wellness blood testing - 100+ biomarkers. Catch silent health issues 5-15 years early. Heart, metabolic, hormones, vitamins. $199/year."
Triglycerides,triglycerides,https://superpower.com/sem-landing-pages/triglycerides,Triglycerides Test | Full Lipid Panel | Superpower,"Check your triglyceride levels as part of a complete cardiovascular panel. LDL, HDL, ApoB, Lp(a) - 100+ biomarkers. Results in ~10 days. $199/year."
Disease Screening,disease-screening,https://superpower.com/welcome-cms/disease-screening,Disease Screening | 100+ Biomarkers | Superpower,Comprehensive screening for 40+ conditions in one blood draw.
Inflammation Test,inflammation-test,https://superpower.com/welcome-cms/inflammation-test,Inflammation Test | hsCRP Blood Test | Superpower,hsCRP ANA thyroid antibodies - 3 in 5 adults have hidden inflammation.
Specialty Tests,specialty-tests,https://superpower.com/welcome-cms/specialty-tests,Specialty Blood Tests | PSA Celiac Lyme | Superpower,Specialty tests without the specialist wait - PSA celiac Lyme uric acid.
Hashimotos Biomarker Test,hashimotos-biomarker-test,https://superpower.com/welcome-cms/hashimotos-biomarker-test,Hashimotos Biomarker Test | Superpower,Catches Hashimotos via antibodies before TSH goes abnormal.
Hypothyroidism Biomarker Test,hypothyroidism-biomarker-test,https://superpower.com/welcome-cms/hypothyroidism-biomarker-test,Hypothyroidism Biomarker Test | Superpower,Tests all 7 thyroid markers not just TSH.
Hyperthyroidism Biomarker Test,hyperthyroidism-biomarker-test,https://superpower.com/welcome-cms/hyperthyroidism-biomarker-test,Hyperthyroidism Biomarker Test | Superpower,Often misdiagnosed as anxiety.
Subclinical Hypothyroidism Biomarker Test,subclinical-hypothyroidism-biomarker-test,https://superpower.com/welcome-cms/subclinical-hypothyroidism-biomarker-test,Subclinical Hypothyroidism Biomarker Test | Superpower,Antibodies show if borderline thyroid will progress.
Graves Disease Biomarker Test,graves-disease-biomarker-test,https://superpower.com/welcome-cms/graves-disease-biomarker-test,Graves Disease Biomarker Test | Superpower,Misdiagnosed as anxiety or cardiac.
PCOS Biomarker Test,pcos-biomarker-test,https://superpower.com/welcome-cms/pcos-biomarker-test,PCOS Biomarker Test | Superpower,Blood work your gynecologist should order.
Insulin Resistance Biomarker Test,insulin-resistance-biomarker-test,https://superpower.com/welcome-cms/insulin-resistance-biomarker-test,Insulin Resistance Biomarker Test | Superpower,Glucose normal insulin 3x too high.
Prediabetes Biomarker Test,prediabetes-biomarker-test,https://superpower.com/welcome-cms/prediabetes-biomarker-test,Prediabetes Biomarker Test | Superpower,84% of prediabetics dont know it.
Diabetes Mellitus Type 2 Biomarker Test,diabetes-mellitus-type-2-biomarker-test,https://superpower.com/welcome-cms/diabetes-mellitus-type-2-biomarker-test,Type 2 Diabetes Biomarker Test | Superpower,1 in 5 diabetics undiagnosed.
Metabolic Syndrome Biomarker Test,metabolic-syndrome-biomarker-test,https://superpower.com/welcome-cms/metabolic-syndrome-biomarker-test,Metabolic Syndrome Biomarker Test | Superpower,Belly fat high TG low HDL cluster.
NAFLD Biomarker Test,nafld-biomarker-test,https://superpower.com/welcome-cms/nafld-biomarker-test,NAFLD Biomarker Test | Superpower,Elevated liver enzymes first warning.
Iron Deficiency Anemia Biomarker Test,iron-deficiency-anemia-biomarker-test,https://superpower.com/welcome-cms/iron-deficiency-anemia-biomarker-test,Iron Deficiency Anemia Biomarker Test | Superpower,Hemoglobin normal ferritin is 8.
Vitamin D Deficiency Biomarker Test,vitamin-d-deficiency-biomarker-test,https://superpower.com/welcome-cms/vitamin-d-deficiency-biomarker-test,Vitamin D Deficiency Biomarker Test | Superpower,42% of Americans deficient.
Vitamin B12 Deficiency Biomarker Test,vitamin-b12-deficiency-biomarker-test,https://superpower.com/welcome-cms/vitamin-b12-deficiency-biomarker-test,B12 Deficiency Biomarker Test | Superpower,Tired foggy forgetful.
Folate Deficiency Biomarker Test,folate-deficiency-biomarker-test,https://superpower.com/welcome-cms/folate-deficiency-biomarker-test,Folate Deficiency Biomarker Test | Superpower,Low energy mouth sores mood swings.
Osteoporosis Biomarker Test,osteoporosis-biomarker-test,https://superpower.com/welcome-cms/osteoporosis-biomarker-test,Osteoporosis Biomarker Test | Superpower,DEXA shows loss biomarkers show why.
Gout Biomarker Test,gout-biomarker-test,https://superpower.com/welcome-cms/gout-biomarker-test,Gout Biomarker Test | Superpower,9.2M Americans have gout.
Hyperuricemia Biomarker Test,hyperuricemia-biomarker-test,https://superpower.com/welcome-cms/hyperuricemia-biomarker-test,Hyperuricemia Biomarker Test | Superpower,Damages kidneys joints silently.
Celiac Disease Biomarker Test,celiac-disease-biomarker-test,https://superpower.com/welcome-cms/celiac-disease-biomarker-test,Celiac Disease Biomarker Test | Superpower,83% of celiac cases undiagnosed.
Rheumatoid Arthritis Biomarker Test,rheumatoid-arthritis-biomarker-test,https://superpower.com/welcome-cms/rheumatoid-arthritis-biomarker-test,Rheumatoid Arthritis Biomarker Test | Superpower,Morning stiffness ANA CRP screening.
Systemic Lupus Erythematosus Biomarker Test,systemic-lupus-erythematosus-biomarker-test,https://superpower.com/welcome-cms/systemic-lupus-erythematosus-biomarker-test,Lupus Biomarker Test | Superpower,Takes 6 years to diagnose on average.
Dyslipidemia Biomarker Test,dyslipidemia-biomarker-test,https://superpower.com/welcome-cms/dyslipidemia-biomarker-test,Dyslipidemia Biomarker Test | Superpower,LDL normal but ApoB says otherwise.
Coronary Artery Disease Biomarker Test,coronary-artery-disease-biomarker-test,https://superpower.com/welcome-cms/coronary-artery-disease-biomarker-test,Heart Disease Biomarker Test | Superpower,Number 1 cause of death catches risk decades early.
Hypertension Biomarker Test,hypertension-biomarker-test,https://superpower.com/welcome-cms/hypertension-biomarker-test,Hypertension Biomarker Test | Superpower,Find whats driving high BP.
Menopause Biomarker Test,menopause-biomarker-test,https://superpower.com/welcome-cms/menopause-biomarker-test,Menopause Biomarker Test | Superpower,Is it menopause thyroid or both.
Male Hypogonadism Biomarker Test,male-hypogonadism-biomarker-test,https://superpower.com/welcome-cms/male-hypogonadism-biomarker-test,Low Testosterone Biomarker Test | Superpower,Total T misses half the picture.
Female Hypogonadism Biomarker Test,female-hypogonadism-biomarker-test,https://superpower.com/welcome-cms/female-hypogonadism-biomarker-test,Female Hormone Biomarker Test | Superpower,Not just stress test your hormones.
Depression Biomarker Test,depression-biomarker-test,https://superpower.com/welcome-cms/depression-biomarker-test,Depression Biomarker Test | Superpower,Sometimes its in your blood work not your head.
Chronic Kidney Disease Biomarker Test,chronic-kidney-disease-biomarker-test,https://superpower.com/welcome-cms/chronic-kidney-disease-biomarker-test,CKD Biomarker Test | Superpower,Screening markers not diagnostic.
Heart Failure Biomarker Test,heart-failure-biomarker-test,https://superpower.com/welcome-cms/heart-failure-biomarker-test,Heart Failure Biomarker Test | Superpower,BNP not in standard panel risk factor screening.
Anemia of Chronic Disease Biomarker Test,anemia-of-chronic-disease-biomarker-test,https://superpower.com/welcome-cms/anemia-of-chronic-disease-biomarker-test,Anemia of Chronic Disease Biomarker Test | Superpower,Distinguishes ACD from iron deficiency.
Atherosclerosis Biomarker Test,atherosclerosis-biomarker-test,https://superpower.com/welcome-cms/atherosclerosis-biomarker-test,Atherosclerosis Biomarker Test | Superpower,Plaque risk factors not plaque imaging.
Peripheral Artery Disease Biomarker Test,peripheral-artery-disease-biomarker-test,https://superpower.com/welcome-cms/peripheral-artery-disease-biomarker-test,PAD Biomarker Test | Superpower,ABI diagnoses PAD blood work assesses drivers.
Obesity Biomarker Test,obesity-biomarker-test,https://superpower.com/welcome-cms/obesity-biomarker-test,Obesity Biomarker Test | Superpower,What weight is doing to your metabolism.
Sleep Apnea Biomarker Test,sleep-apnea-biomarker-test,https://superpower.com/welcome-cms/sleep-apnea-biomarker-test,Sleep Apnea Biomarker Test | Superpower,Cannot diagnose sleep apnea tests metabolic effects.
Chronic Stress Biomarker Test,chronic-stress-biomarker-test,https://superpower.com/welcome-cms/chronic-stress-biomarker-test,Chronic Stress Biomarker Test | Superpower,Biomarkers stress affects.
Cirrhosis Biomarker Test,cirrhosis-biomarker-test,https://superpower.com/welcome-cms/cirrhosis-biomarker-test,Cirrhosis Biomarker Test | Superpower,Albumin platelets liver enzymes.
Hepatitis Biomarker Test,hepatitis-biomarker-test,https://superpower.com/welcome-cms/hepatitis-biomarker-test,Hepatitis Biomarker Test | Superpower,Liver enzymes flag it serologies may need separate order.
IBD Biomarker Test,ibd-biomarker-test,https://superpower.com/welcome-cms/ibd-biomarker-test,IBD Biomarker Test | Superpower,CRP CBC distinguish IBD from IBS.
Prostate Cancer Biomarker Test,prostate-cancer-biomarker-test,https://superpower.com/welcome-cms/prostate-cancer-biomarker-test,Prostate Cancer Biomarker Test | Superpower,PSA is screening tool not diagnostic.
Chronic Infection Biomarker Test,chronic-infection-biomarker-test,https://superpower.com/welcome-cms/chronic-infection-biomarker-test,Chronic Infection Biomarker Test | Superpower,Screening markers only.
Alcoholic Liver Disease Biomarker Test,alcoholic-liver-disease-biomarker-test,https://superpower.com/welcome-cms/alcoholic-liver-disease-biomarker-test,Alcoholic Liver Disease Biomarker Test | Superpower,GGT and AST ALT ratio.
Cholestasis Biomarker Test,cholestasis-biomarker-test,https://superpower.com/welcome-cms/cholestasis-biomarker-test,Cholestasis Biomarker Test | Superpower,Bile flow obstruction screening.
CFS ME Biomarker Test,cfs-me-biomarker-test,https://superpower.com/welcome-cms/cfs-me-biomarker-test,CFS ME Biomarker Test | Superpower,No CFS biomarker rules out treatable mimics.
Hyperprolactinemia Biomarker Test,hyperprolactinemia-biomarker-test,https://superpower.com/welcome-cms/hyperprolactinemia-biomarker-test,Hyperprolactinemia Biomarker Test | Superpower,Prolactin thyroid connection.
Female Infertility Biomarker Test,female-infertility-biomarker-test,https://superpower.com/welcome-cms/female-infertility-biomarker-test,Female Infertility Biomarker Test | Superpower,Essential first step not whole picture.
Male Infertility Biomarker Test,male-infertility-biomarker-test,https://superpower.com/welcome-cms/male-infertility-biomarker-test,Male Infertility Biomarker Test | Superpower,Hormonal causes semen analysis also needed.
Pancreatitis Biomarker Test,pancreatitis-biomarker-test,https://superpower.com/welcome-cms/pancreatitis-biomarker-test,Pancreatitis Biomarker Test | Superpower,Lipase amylase not in standard panel risk factors.
BPH Biomarker Test,bph-biomarker-test,https://superpower.com/welcome-cms/bph-biomarker-test,BPH Biomarker Test | Superpower,PSA screening for prostate.
Cushings Syndrome Biomarker Test,cushings-syndrome-biomarker-test,https://superpower.com/welcome-cms/cushings-syndrome-biomarker-test,Cushings Syndrome Biomarker Test | Superpower,Random cortisol suggestive not definitive.
Addisons Disease Biomarker Test,addisons-disease-biomarker-test,https://superpower.com/welcome-cms/addisons-disease-biomarker-test,Addisons Disease Biomarker Test | Superpower,Suggestive pattern specialist confirmation needed.
Subclinical Hyperthyroidism Biomarker Test,subclinical-hyperthyroidism-biomarker-test,https://superpower.com/welcome-cms/subclinical-hyperthyroidism-biomarker-test,Subclinical Hyperthyroidism Biomarker Test | Superpower,TSH T4 detect this precisely.
Osteomalacia Biomarker Test,osteomalacia-biomarker-test,https://superpower.com/welcome-cms/osteomalacia-biomarker-test,Osteomalacia Biomarker Test | Superpower,Severe vitamin D deficiency bone markers.
